name,location,address,price,quantity,beds,status,income_min,income_max,listed_at,open_on,close_on,source,link
Ard na Saili,Ireland - Ard na Saili,"Ard na Saili, Ireland",1200,,1-2,open,,,,,,cluid,https://www.cluid.ie/property/ard-na-saili/
Ard na Sailí,Cork - Carrigtwohill,"Ard na Sailí, Carrigtwohill, Co. Cork, Ireland",1200,35,2-3,open,,,07/10/2026,07/10/2026,21/10/2026,affordablehomes,https://newstarterhomes.ie/rent/ardnasaili/
Bennetstown,Meath - Dunboyne,"Bennetstown, Dunboyne, Co. Meath, Ireland",1495,60,2,open,,,29/09/2026,30/09/2026,,affordablehomes,https://newstarterhomes.ie/rent/bennetstown/
"Cluain Glasan, Ayrefield, Kilkenny",Kilkenny - Kilkenny City,"Cluain Glasan, Kilkenny City, Co. Kilkenny, Ireland",1424,1,3,open,,,25/09/2026,30/09/2026,14/10/2026,affordablehomes,https://newstarterhomes.ie/rent/cluain/
"Cooper Square, Seven Mills, Clonburris, Dublin 22",Dublin - D22 Clonburris,"Cooper Square, Clonburris, Co. Dublin, Ireland",1395,152,1-3,open,,,24/09/2026,07/10/2026,14/10/2026,affordablehomes,https://newstarterhomes.ie/rent/cooper/
Furzefield,Dublin - Swords,"Furzefield, Swords, Co. Dublin, Ireland",1395,25,1-3,open,,,08/10/2026,09/10/2026,23/10/2026,affordablehomes,https://newstarterhomes.ie/rent/furzefield/
"The Furrows, Ratoath, Co. Meath",Meath - Ratoath,"The Furrows, Ratoath, Co. Meath, Ireland",1150,30,1-3,open,,,11/09/2026,16/09/2026,14/10/2026,affordablehomes,https://newstarterhomes.ie/rent/furrows/
The Grange Phase 2,Ireland - The Grange Phase 2,"The Grange Phase 2, Ireland",1425,,1-2,open,,,,,,cluid,https://www.cluid.ie/property/the-grange-phase-2/
"The Grange, Celbridge Road, Maynooth, Co. Kildare",Kildare - Maynooth,"The Grange, Celbridge Road, Maynooth, Co. Kildare, Ireland",1425,6,1,open,,,25/09/2026,30/09/2026,14/10/2026,affordablehomes,https://newstarterhomes.ie/rent/grang/
The Paddocks,Kildare - Newbridge,"The Paddocks, Morristown, Newbridge, Co. Kildare, Ireland",1093,1,2,open,,,19/08/2026,,,affordablehomes,https://newstarterhomes.ie/rent/thepaddocks/
Woodstream,Meath - Navan,"Woodstream, Ballis, Navan, Co. Meath, Ireland",1452,1,3,open,,,08/10/2026,07/10/2026,14/10/2026,affordablehomes,https://newstarterhomes.ie/rent/woodstream1/
Woodstream,Ireland - Woodstream,"Woodstream, Ireland",1452,,1-2,open,,,,07/10/2026,,cluid,https://www.cluid.ie/property/woodstream-oct26/
